7.219470785062423,4.179275595900027,-0.4622675349054597
7.689650476604864,5.05598413411508,-0.13762046354019314
7.00060706770318,5.974614013538486,0.5189183857456744
6.991918007237752,5.70209265635683,0.41826326709765393
5.226621322987117,5.604985129402151,1.6984487660632492
6.600665821323203,3.5477598401518913,-1.2467059002117646
3.9730006364361126,5.004962794074106,3.1789251896250015
6.00782747740165,5.158671101635939,0.256693474295666
5.7503823577157185,4.6766133654453075,-0.1524362761103999
3.740710028076278,6.0122174312948795,2.0734173793889665
3.9146476681920683,3.8582966879584157,-1.8678140549987627
2.941141893403425,5.70445055718124,3.1696112146388615
3.635212386264238,2.61724679484885,-2.219537422350789
4.331654284780718,2.773158231125205,-1.92115999042661
5.655788462031486,4.849637302147934,-0.10819990760121279
5.229339287334152,6.2416850838188065,0.8765868247833474
5.825886316985182,2.4794696288069624,-0.8293724960192199
4.211398080108357,7.760139759938616,1.4931284130515732
3.7172235973073495,5.332241890078974,2.918118943225135
6.978575817387922,4.492335282285947,-0.37051373128570886
6.429578415351562,5.226366616692845,0.4164535341291883
6.92769755719241,3.8225036357418354,-0.8985911812377952
2.3943335793001927,5.488004745561799,2.983656661084978
3.2903466224747144,7.002419890253724,1.785300559933669
7.667055067873507,6.3200461306200335,0.13534936564141098
4.673538241524023,3.5047192502532996,-1.341699935366098
5.717967600911015,5.095075310224749,0.14686573768423383
6.700606844677368,4.776938221449416,0.2009873301851549
7.183560490233525,4.165397080784521,-0.08419206228802234
4.933779258844465,3.236982180966919,-2.0653285866670132
5.008377385454947,6.042349006595964,1.3748202252298205
3.8089972977457194,7.4589602959563095,1.7633529382881825
7.644102803312542,5.917167119732262,0.007994462722936357
6.562742845639991,6.061428375377402,1.0621916867703065
7.173947450276691,3.906200057276367,-0.8720797121657407
5.690035660867402,4.893969071624669,-0.63634165490695
3.3273766836545127,2.6622792328830087,-1.7129269922480161
4.208835872099153,4.709464804980465,-2.5503139563468706
5.370837219640293,6.910474944900443,1.6209022667741497
2.857142887058131,5.365776671948666,3.204860024295674
3.4843292827306795,3.3414237612696995,-2.583376296807809
6.800673277323402,4.248936619792791,-0.3956604033275922
4.411890862489365,4.399007840026081,-1.9707178078149066
6.60342037144288,2.60670883862871,-1.175672355944852
5.1185809892839815,6.409415613028817,1.301055141641712
5.652223945422911,3.824828546409171,-0.8099020028795052
3.6958062423588647,5.66548826730388,2.25272925447272
5.309091914987858,7.899305510694388,1.7433945790141903
4.352704018894798,7.559456603527311,2.1588987425402957
3.5789743205805227,5.933053222522965,2.2848354287529693
5.079032057852719,7.035286120090099,1.3365400208307365
5.299068507286389,5.676856815496086,1.6360314057034544
4.487257985035885,6.695234802529788,2.113137625629288
4.885139797598337,5.688376334421649,1.5913298947625585
2.6407792300196786,5.749540717022587,2.9768549293557394
5.385064720802304,6.108989259929229,0.9002819194207528
3.5382055330552387,4.659757029904899,-2.712281238942959
4.933707096343275,2.0520975869040634,-1.6475865871811703
4.013533771125718,4.855376216382403,-2.7605878732640328
2.8921588577624373,6.145526356382848,2.1730885740211283
2.2955164359748546,4.7340446683197674,-3.096718919970704
2.981503277552802,5.991334633978326,2.5647279663683937
5.542553760979068,6.393894009841646,0.8337959723590744
6.123733462503914,6.063877241691507,1.0901078243536793
4.300771150157597,6.2325997819867816,2.239009555711829
7.284329250135538,3.2952289471405747,-0.12934214601707794
4.494904737114791,4.5016530643287895,-1.905026268109037
2.8236868575989593,4.062677528536794,-2.9111705982808997
3.9359934635402203,3.7617675840279743,-1.811243400621711
4.039425147495284,4.226630598594908,-2.883849664757689
6.385074548858534,5.249483938435866,-0.10466095363353872
4.850782650989342,7.205540105513398,1.8849306598829023
5.632783073781533,5.926562072708576,0.7550705528892965
6.636940406953733,6.4584500164293726,1.0073066196716145
5.794376937046662,3.6094846703924635,-0.6279483865117171
3.2074435876175444,4.532816945158206,-2.9998132402502957
7.350045623898044,4.740795451596766,-0.5612657144382696
4.299421849845379,2.7250425823233115,-2.1787140992300627
5.042529681431114,6.718726926967211,1.2417372979873724
7.328883957534234,5.484207185679666,-0.05567320135443582
5.442031770962173,5.638204394160523,1.0272125994518388
5.170421476229019,3.0854987261858833,-1.6045727657503221
4.772457540968166,6.090668998707242,1.3385193398988666
7.193987799847972,3.9958121369502244,-0.5809448839212297
3.47377365664898,4.28358042435696,-2.4689696424512313
7.792495717974552,5.108282871340048,0.17191295101225723
7.068492061512144,4.422873652337829,-0.4288008906727743
6.564007282168333,3.006483404765452,-0.6562035890703315
5.037742877374511,4.124143559797529,-1.9130187108516985
4.841571420539098,6.088411631882241,2.1849874637793008
4.363683985076884,7.32810716410785,1.7985572230612292
5.087186355101428,7.0096968984716765,1.744121799674898
3.6510863201518546,7.6787287926915155,2.5143775394882377
5.506770015439912,2.1590808945738775,-1.4007448766650827
3.885686974785285,3.7332951275469197,-2.2730996145905364
5.602657198409154,6.36406386761019,1.3883882929427074
3.6342640845922016,5.821113688007801,3.078969206936533
4.690916842679022,4.42578468337611,-2.3537312236300876
5.298102530590635,5.5760268215269475,1.325946255950045
6.818769741421696,4.748461223711418,-0.33528428028213947
5.526167535232437,5.333000143168975,0.9119203688859471
5.509495769705858,6.109537643034395,1.3381884790303997
6.4541898454791955,5.776128467962893,0.42276445814863073
6.288786308210561,5.509876999254758,0.5876941120488879
3.5035331435227732,2.638503394674091,-2.13307786659405
6.857093954801902,7.26028564463839,1.1574312915532943
7.002645735762372,4.102519668825823,-0.18047878320811706
4.319672419498399,3.5857637989363442,-1.6308299013973242
4.520961530610086,5.5427023963796,2.197191079448113
7.185553635619765,5.340129948237967,0.06451824477539436
6.362166794460064,7.509271669343065,1.0851318948054358
2.9178696208822847,4.587996568329968,-2.7480453627214634
6.807073385726721,5.574122717742293,-0.04260244987145834
6.121358813486302,5.636661700814463,-0.0015686957174628757
5.9653296694943725,4.218406091788852,-0.3097552664146008
6.349925908349215,6.296438907369858,0.6753824098646415
5.587148268921565,4.001988115595811,-0.9228310201997618
6.051505927832455,6.293908641234699,1.380390344843927
5.631642431651708,6.6262433670725365,1.2529041401036238
2.768578820457438,6.863355336838248,2.894887788668165
4.617207806500668,7.368518354566049,1.5520194788987522
5.438240225260131,4.249167462015738,-0.9150792835014394
3.6760352954069555,3.8300540154212266,-1.916216791736078
7.036217987145923,3.863226737795966,-0.7785723046696162
4.786759141903865,6.175388921228075,2.206436114605295
6.384554165965426,6.095689817131317,0.9813429912516928
5.9877600616412865,5.057773699266785,-0.37347798735342164
5.882890156826003,4.322217903279604,-1.0285599913366115
6.194538895088265,3.4172196979312326,-0.6475610805450323
3.355393981591181,4.725963224794375,-2.8736632575193783
5.247236884104812,4.299424983766643,-0.9930467743604777
3.80473795969663,6.854668584674422,1.8195281489285224
3.131178167978909,4.660519669490494,-3.3091961555124767
6.4951011863390615,5.149406258793228,0.25076638893332004
7.7415832676490695,4.610692978223093,-0.22720793769276781
4.754956708906493,3.2539678842638047,-1.6958717092278488
2.299958071404149,5.634420099240032,2.9621819471448614
2.885824032667307,4.723598894201768,-3.418418813557032
5.568632983124273,7.919908544112232,1.5350472534866157
6.271652400364655,5.944377476178127,0.31454713776212495
6.5325304157560415,6.880767844484644,1.1280299725520426
4.0739104165809,4.752978285465209,-3.36626137132075
2.371600336869926,3.681630225426076,-3.0469545020781625
4.724891900547507,5.78179195677935,2.4110418256073762
6.078970573576512,4.9588846633232055,0.22599034897518278
4.454459195014844,3.5212174891902475,-1.9273598773003076
6.605967141815469,4.233445651545275,-0.04444517455856867
5.973757970455065,5.213192584188888,-0.10352769260947703
5.752716868185479,4.978438532298469,0.28571790233749317
3.4563582062943956,3.8191898065937013,-2.5338240440555695
5.04583957959626,4.026272378443606,-1.756328570866822
4.859269693123429,2.613826820596603,-1.4057962903490335
7.142618540616745,6.943066160442996,0.6853393066511282
5.452777060773302,6.420642099876401,0.7671182455514329
7.415214419996534,5.076380904389141,-0.15632532350249567
7.315216230738906,4.705041276624136,0.3207883245207487
5.026075529453151,6.089352195288021,1.6718104495565962
7.486655472194336,3.912582577383507,-0.03004225641284486
7.781785423220312,4.370407014184931,-0.02896974969101984
4.0125069002412745,5.611777004255472,2.432690516434898
5.978635325125109,4.64492440201573,-0.6844111085527347
4.651745315693209,7.492466328689533,1.3158429379769254
7.6114005755112375,5.503094273932942,-0.2343522157763116
4.794389896918161,7.648337371954937,1.2513522777154455
7.8491135250572635,5.362188473292453,0.15889478787616096
6.851924302917335,5.817422903957036,0.11966407197068918
6.022211571483032,5.4591025775774,0.4968487656165844
4.568707029163339,5.8344779858566485,2.16984158365832
6.079312507460013,7.1329745949879255,0.9924646986724279
5.410215801982314,5.993078464870366,1.4504420770388302
3.7324304765034464,4.269819301404447,-2.3859182123905405
4.8893964300200095,6.64331155802796,2.0478297653707322
6.647402046468439,2.5240414806535054,-1.5066820121285731
6.348256373185723,2.334495315658494,-0.6024915635921172
4.407447083838594,4.678768394031081,-2.701331642254952
4.604445095075277,2.096909716414737,-2.224193219810188
5.615070220642303,5.092170129462129,-0.05185121857182762
7.109118106498038,6.094990238768413,0.38474725610277544
4.256309444104811,5.235789083021167,2.7365715322410735
7.087476377172845,3.400334850313758,-0.9357242015561862
2.130408357229712,5.867928341687733,2.6319169581563204
4.569580449626652,5.687002524311135,1.8215878925601592
3.861905047124024,6.352605527401409,1.8665059962415032
4.939420671867256,6.238259212094167,2.0568265880236174
4.7135401111558375,4.422943455448257,-2.095579124040595
4.585382276686675,7.119120472176798,1.663110217640665
3.785813397064901,5.578285914909313,2.5894994181742774
7.124650168712444,5.125055190747464,0.1905515943031323
4.347524617850745,5.116845144701789,3.3523033374558358
4.924923128049064,3.939708016925789,-1.8569423541551526
6.240336310136345,5.156025226522177,-0.1622596442426092
6.259296395191516,2.6914659002656744,-0.8804083646314115
4.048640278845941,7.454651167685331,1.843456472496313
4.905910391280238,3.682321257154185,-1.4207713226953387
5.663212803428903,5.2335471923240595,0.7241894796082918
3.0308489609894154,5.4675395095301695,2.5173287997861378
3.860984905172918,5.707059572539549,2.647000366729377
4.367767499103325,5.103412292612033,2.493106188694655
6.732210835285685,7.437865988868548,0.6174180604255408
2.7588572363827795,4.218744651354628,-3.1950655201064038
6.750000605719613,4.174290759089102,-0.27787398521581586
4.809544173867943,6.579417318033454,1.306241216398996
4.108232439342831,5.409861328260372,2.7625576569508845
3.755625274546273,2.925969827058978,-2.445623200419696
5.355217586708381,3.903183236936378,-1.2011503820785314
4.057175913200054,6.940674479171275,1.5086665923753164
2.4695976372994646,4.433511018583897,-2.554331298792053
5.909728810132099,2.931319620854164,-0.8996015896207975
2.6407358238432246,6.2745689183847775,3.1142092093398355
2.6713423285351907,5.858828433954447,2.9171776230572988
6.570495814200373,4.160074134182124,-0.48192868315823967
6.233044631292899,4.8071520723660806,0.3226267003928146
6.076421968605009,4.499019877135865,-0.09936393040388725
2.65742523063868,6.841217056817339,2.915278805535409
6.62570074023711,6.0342832782728495,0.3198943166363026
3.84623713718479,6.468708966715673,2.723611652866106
4.758451276612441,5.768863581697496,2.0741004946344885
6.133586837751923,5.086690880610529,0.13797477777539813
5.572820887853838,3.323834035427055,-1.2677879119552884
5.391310121962058,5.550372588438832,0.5645149861039896
6.70467292519454,6.275582900523407,0.22726191748455604
4.81476810598113,2.4847361735987423,-1.8450040861028596
4.1436520151438065,6.545279565797834,2.4914763613686444
4.741356817177141,7.273722883855667,1.9882851624984694
4.391017950792513,3.570468928008893,-1.9848180430653937
6.214218380351703,5.187605897216055,-0.3069604257626495
6.501959934727813,5.316128513138102,0.36746052899447634
5.718242480115479,4.99882613696602,0.4912461013998254
4.129788523729722,6.612114273970345,2.1961509246958
3.0342700750499736,6.485758839103833,2.9842655834825713
2.9591011044830147,4.703732299837954,-2.7711948206750705
6.215786619385914,5.444922187288799,0.7659931405621465
3.6575007055911164,4.981637255754954,-2.815003503764543
2.253004610777124,5.544826969855079,3.193458803073664
6.475519526913725,7.182900333479562,0.9578780868235981
5.977036387221858,4.459329774596971,-1.027787009309736
5.249770247421476,6.530340334700091,1.13237147381113
5.916003436663723,5.80896968654897,0.7939053133091384
3.842099829912768,2.9374290456973617,-1.6531903006883284
2.6233880723352816,3.9365922700484397,-2.5410463312822698
3.588345169681021,5.960709278004052,2.1254913775799045
5.160567620852958,6.388697531255938,1.1123360117820102
4.934704192957332,6.315212187491104,1.922353811635181
4.327402563075793,6.87100982021086,1.7931458993771927
4.0562020272070995,5.040233174148747,3.1376661110107236
6.072535433879794,2.2256279940138586,-0.9586944903552681
3.6981715497062,4.4426494924537545,-2.7877327702193284
3.180289774537916,4.682135257869958,-3.1312076098219768
6.685758580097158,7.174804033573498,1.3045829371363584
3.872794580069722,2.655702139067169,-1.9980993439713188
6.499742031792805,7.045823705267132,0.7112481866298381
5.348576730919564,2.711684146528496,-1.6506868733496078
2.5351673680647067,5.258674797349124,3.0791930997239914
7.148849954636516,4.775892314922461,-0.44501309074024076
4.14845501510396,6.207096372843845,2.441184758694959
4.73107271346653,3.6887994184219157,-2.0152280723077713
5.737219734423905,5.171073379783132,-0.1684437907497489
5.797831823098018,3.700082168308618,-1.1979732428475793
5.942207188238089,3.061428982993098,-0.652747273160608
5.710691017616082,4.621350083486137,-0.5601942124257835
6.569057743819025,4.172803507793105,-0.8857659072273768
7.270085540522542,4.32274160111379,0.1684868374648283
7.784135801552966,4.731914352945906,-0.19607753324669286
5.074514170521992,4.355889858403198,-1.4062837539158206
5.454070061159612,7.412086824728047,1.8554712448930593
4.707911254964578,5.548071896135007,1.721676371046085
5.87821713329056,5.166337676154371,0.7054771337581732
4.782038871285378,6.741407377979813,1.2400418246350795
5.573193748139595,2.5768071250112654,-1.795398315574721
3.467084797676133,4.708786084441752,-3.2694428100007333
7.727515378489244,3.884927963549163,-0.4787822793985469
5.493305473247653,3.662044371791369,-1.4402435028002178
3.888142351965923,6.303771654831328,2.4872863188511816
6.592892658015532,3.4522920299038122,-0.2931833593063825
5.023135066845433,2.7832503082540327,-1.2709603101489937
4.951094788692557,6.725647182649095,1.5087014412966755
6.410123294397719,5.397300917393647,0.5488970868867346
4.711918973080252,5.6810065039600115,1.673645978453659
3.410376890871516,3.4605108755709217,-2.2794455415484367
3.799267889748105,7.458640830104762,1.776197263977453
6.10755222841447,6.616537812467422,0.8225169739367086
6.197836783696863,6.11384226005819,0.7057187735923445
5.784897599473656,6.676237632665161,1.3837866746163803
6.063905791482832,4.550725282173744,-0.7337157160049332
6.887520837513343,3.98818999594736,-0.6021318014853334
3.5175661000934237,2.5553727021386434,-1.8424783570827372
5.663606400537104,5.2568820587302785,0.20493074840258335
2.160190216003135,4.070946841361542,-2.6370812763991305
3.3473545643061815,4.567971878603001,-2.3802831872691406
4.493667509450151,3.2549594884832347,-1.4860203738805313
6.007067720939139,6.0059550309687815,0.2901672353610965
7.106914934319338,6.837586680157027,0.38009931302152433
4.4855382523601905,3.5915421253574547,-1.4241087635264011
3.4735011352082705,6.326215148985724,2.028732940517802
5.675996912663582,5.427083224504868,0.23324247394154862
4.301359235536784,3.878415444816764,-2.565171929708894
3.9916492066450147,3.064683671971461,-2.1239950803953995
3.177931875211075,6.370791647556885,2.0675794506529765
4.0799567076804575,4.6499579655866405,-2.5077361356850756
2.052352511060586,4.787744411811329,-3.236841873384278
3.1934045869905616,6.017593683095879,2.6920988209062635
2.7122280738604565,3.9729931545272668,-2.473681606917607
5.64369961747592,6.424395104417468,1.4376097155917331
2.0956420982306696,4.431449486679298,-2.843085239283131
6.671903879556855,5.57073236400414,0.005599614649936746
3.1235520082919113,6.271282530938263,2.4758043170052684
4.034106211199181,6.613840525206864,2.4168510828204415
4.476023990390711,7.052876900688402,1.870505003629198
7.443243278589671,3.405996425994741,-0.9748804299537497
5.788892367619196,5.7687206956684,0.5225804945318882
7.7934748529347555,5.0232019461133115,0.08986264721558457
7.760237572751105,5.831108006374569,0.007692494331766109
4.403131109273028,7.18954118811679,1.858349856464889
5.8519864060734506,7.18192832393255,0.7718321268536263
6.449844099805206,4.3641978090671065,-0.10562165296084625
4.738028502860333,7.024559136718941,2.197196400711797
4.244085068509784,3.6075073423233865,-2.0755630131003318
6.329652265975375,2.7182453072574035,-1.3508756753738091
4.026350707418372,4.969646299184686,-3.2084086257279876
7.310385815991717,3.393292488096532,-0.22183134293615014
3.405303517208492,4.128000839930179,-2.6516844446451544
4.378402262592546,6.716685148230087,1.8409631680898262
3.0200446709487467,3.061434341093327,-2.2896733283950694
4.170618347589965,4.040737154603562,-2.5260111191249957
6.729279873385576,3.0236414376053036,-1.3641186997521817
4.280596972446906,5.1215287422801365,3.092451530905521
6.947911390138433,3.465382149719516,-0.5087621762782839
5.949571585525928,5.496879806462082,0.9662352442927246
7.142652349189058,6.749587371091993,0.7872377178691082
4.640757350487435,6.4371912335151995,1.6453978775101057
6.488690542381411,4.576119169078396,0.16454780103147992
3.1750630504795367,6.5689374715927435,1.99076853207304
7.535255332235705,3.422027483769241,-0.19204597387480582
4.441026924098147,4.361885257913567,-1.9102588438604537
4.600082961917643,6.064207311577807,2.020009958748148
5.7617359411647895,6.006691968787645,1.0262753377020306
5.7598348529478045,5.49428658755335,1.0428630292519414
5.817039483248648,4.031891528780543,-1.0559597019447091
5.4790764434017465,6.474068072199075,1.118833073983974
5.232672745130326,6.568231520948469,1.0377298305310414
3.6306317290863817,2.5694127470948587,-1.6297630576663438
4.52169889222603,5.377051895479455,2.712263894853762
4.34079234944754,6.462959859936154,2.1134001060257623
6.907384697789238,6.14029846421475,0.9426989157254703
5.439715029525153,2.126360119837059,-1.9323257603897792
3.857086287290412,2.4281200081402456,-1.8556742467375522
6.833909057385165,6.648145779588687,1.2047646407733041
3.2128637675793383,3.9961761420252975,-2.7980348883611406
6.3888432517104565,4.109718411624058,-0.9000163769067999
4.264626005570276,6.135690954985639,1.838160353277524
4.444123590796897,4.5068617081739495,-2.5528024543377024
4.943289037679494,4.255989584804852,-1.8422482695320557
4.118363642538219,7.587698688338367,1.5543866212913566
7.93848227736358,4.4563588334510165,-0.08092295987846676
4.442106970378823,4.136185263062747,-2.287516635956173
5.5043183491124115,6.874257205257247,1.2257301026865
7.150710836037593,7.020484847131357,0.5358832565557016
7.249083751548115,6.954068797174535,0.9143071718268481
3.1885259994198645,3.140086294206002,-2.8128999868215203
6.705244301241104,5.406054916079238,-0.2854742492654866
5.741129560007465,3.832593638978561,-1.424548668118229
4.7135138194109265,7.137291539877808,1.704671442914186
5.754416369850664,5.20907270033522,0.4524104892528532
4.147574842010577,4.682999535324061,-2.905738787142087
3.3953921393148203,2.681061476360853,-2.1616122977434773
5.406039234459687,2.119617199152198,-1.7880631445619597
7.659665642053469,5.929762711208177,0.4485248133487886
3.1993591830934456,4.980283049287079,-3.4078829531065145
2.365668173947769,6.181268882618506,2.53098405824407
7.1004336016366665,3.957919757313988,-0.8014518601343515
3.483686473511983,5.087166859410468,2.668137463412539
4.478825232575988,3.7346057400045902,-1.5749049106805262
4.637911185614862,6.246658610153307,2.1818086717230103
5.642375612233742,4.606089947464203,-0.02691318697227152
5.802493194500615,6.2670521288119705,1.058283156806059
4.446179698832144,4.37261678944398,-2.771630680295867
4.457651006997486,4.721725017209216,-2.3738106135767802
4.570921972002847,3.9929434289115253,-2.2241233483140297
6.934789911503176,5.703781489193283,0.4347470466290937
3.522136338140732,4.804231551338917,-3.0865114266490745
6.840741575197749,2.986217728675939,-0.7055816827205234
3.1325009580103966,4.451885390868302,-3.1501144140920645
4.111672148632546,5.180210302384684,3.063791789059497
6.799043322423156,7.113776925602718,0.777930991455448
5.7905361819844865,6.231015104142879,0.8494947275516579
4.964008763149066,3.995798992702044,-1.4976640150759017
5.852912471697523,7.857414523438372,1.5877363077307927
6.390260841363779,3.025080744137642,-0.9447451774207112
4.746464115193486,4.273920906007778,-1.8763357800538336
5.837153553211694,7.405778174619593,1.4445636567877047
7.521964907458296,3.608563087805495,-0.4977011507629149
5.480369744591504,3.2028518774926455,-0.9131317385576564
5.698798453103325,5.750009674962892,1.092145384356257
3.7927943546905647,4.814023812954621,-2.466634338407221
2.769646067900167,3.939945298833231,-3.1072139776768277
5.938664178650889,5.284651375918508,0.06883577385758011
3.5518604153342848,5.075880257488385,3.1520714094337423
5.798808148601027,5.775925504901839,0.5742372876931776
4.295269396699145,6.151506635426517,2.5287782813150477
5.6044601361831345,5.417100648417512,0.35505896022363725
5.671197367616478,4.827995043020266,-0.44765490184317486
5.456925348925558,5.4685378743141255,0.6904084861030239
6.8026954096013235,4.679332759516036,-0.4132737971298004
7.277607432389183,4.752065796429913,0.019815589170025016
6.098223216601152,5.948012581249373,1.0759717212018618
6.003385618393519,6.1081775567252805,1.0300466696348267
5.339284360852558,5.957545565345422,1.4267032874509153
4.903910308720949,5.697608093243416,1.6087419477038156
7.133850605082044,6.1293727020097215,0.693310448346999
5.437823073223204,3.04973582921778,-0.8509282622777165
6.5000891616141345,5.375519274389739,0.03004424001827627
3.7026733147133783,4.200698941760781,-3.0979394086022145
3.475026086043057,3.9262674401315736,-2.3343809844375807
7.90416094576554,5.088519974952233,-0.09993935078992111
6.047351150482774,3.1444878106032563,-1.2349128478342923
4.531841218619209,3.4955499186939454,-2.2259111725410143
5.658369930438949,5.190610579596712,0.317513536736968
5.831123795026911,5.161269621001532,-0.3306636673214729
4.200570189116948,3.335218013007927,-2.0704362284467654
2.9366373907214216,4.0104442082302665,-2.7094601588505713
3.0068890072509356,4.518640923685425,-2.6101565615252516
5.6192496875605285,5.187153765694213,0.6684273104344468
5.128572603744522,4.3392101833898735,-1.5273251499466893
7.095687615322957,6.827041468932577,0.8514951324485185
4.6163561870451195,6.078010357435014,1.70996569775254
3.113861946299628,7.144439076600159,1.8935029102204588
3.8236446249377676,4.290594152769368,-2.3313895565777627
4.736843137375157,2.3508372262839825,-1.6437223293685164
7.278822404955935,5.261324799850749,-0.2791967304921817
6.187189132294113,4.066367344352195,-0.3139276305966079
4.455457087254054,3.835703269345811,-1.9517522438124724
7.175230801140467,3.75420014237124,-0.5191394395348905
6.426399572627081,5.7836447693168065,0.6066192983065509
4.790023075578344,3.5602079772642576,-2.168199671656146
3.7345398203238167,3.6154508809172823,-2.0948147482548354
4.269911618300623,5.3988820744340895,3.145635593743479
7.134767705809743,4.14383472600023,-0.34794000670551095
5.084986277329639,4.360154076051777,-1.8207648751962981
5.529913208715427,4.041012380269387,-0.9179431973645115
5.377962201672981,5.655382257781549,1.2870928820253562
2.215172805067839,5.463824352692036,3.2195826017454596
6.475356404339499,7.24877630136716,1.324012329520586
7.1884886949278775,5.804521403586321,0.6784475926009875
6.36549446725563,7.292936303796373,1.5049378049797348
7.215375198257911,5.275853859623741,0.6326888412457062
5.256163088296115,7.077516262402515,1.7453422676972266
5.141311530103585,5.632980864007577,1.8573726039199632
2.423583145027191,5.403248823892844,3.095303859484449
4.0904037502562165,5.807403928423838,2.5385768285776993
5.007153893035934,4.057537938274971,-1.4704815197141765
3.2283618082673518,3.01710229188577,-2.5204525908436155
7.112038026326667,4.12139144277413,-0.03724530197395648
7.0243461311741076,4.994838294450389,0.38487219205422396
6.877351201558669,3.875699239748539,-0.46415579935658613
5.531674706684022,5.551512278742856,1.031312934496546
3.0769614381111934,2.852005226016945,-2.599526091203018
3.1774197313213044,2.935736580853616,-2.4527751927806283
3.3033385735611533,3.5463482523782606,-2.201284658128385
3.879477665927287,7.689635505415605,2.4056854181589653
3.728222270795111,6.834908764508206,2.1645766557401105
6.602097665736343,3.5617157834053437,-0.6695432014912626
4.903287024737731,6.888038139704564,1.4237768760805407
4.41039160115368,3.0059480708655792,-1.5524636641274436
4.40246394195006,2.627330279103795,-1.636610505673982
4.95832771308049,7.922625390518265,1.922090789154491
6.4021221795497905,2.983682114200027,-0.5810574986612503
6.7388108674381595,3.4987029406357535,-0.6326043471798357
5.820896355734855,6.100180671882276,0.4907037126012037
2.498880873967641,5.305763224517261,2.9017481462366983
7.46369433995016,4.192464681486765,-0.3976475613640736
5.234031101799264,5.76386252235784,1.1180132531000777
5.99013868962852,7.024303369387789,1.4667311028337844
7.148168678989745,3.2481604276427376,-0.4921785369138669
5.0410589243742105,2.326122507544921,-1.3814893509361605
4.313798857943163,4.924021898243433,-2.6417773665264437
7.652290957718678,5.304682387673437,0.5868017675217744
5.788943810174929,5.331038448871456,-0.09802224893348432
5.795703686452283,3.765529044184915,-1.2582376475422272
3.4036961549259535,6.728562804779418,2.240847656407862
6.441789069880879,6.244451456444252,0.8000386184721656
6.745605595380269,4.237199381211824,-0.7836994379119036
4.624128350748424,3.6669451960595145,-1.8923152275804662
6.929190528338275,5.991689119653087,0.8953956506557096
6.808599297146265,6.465254131277252,0.4382829073350627
4.164400172962442,4.384390146130622,-2.7389913559974968
3.176786377376259,4.030115382004403,-3.060233142431002
6.727381159880876,5.893446783279,0.94592123310474
3.83871803840675,3.9317901920068623,-2.7218341728731774
5.90699041079187,5.9878713805658075,0.8290634986253251
7.169206605641046,3.9986083483372536,0.058099643344494356
7.048744032950754,7.182457720786633,1.2339821676063876
5.727076767434645,2.825560033820606,-1.210700245343811
5.802045605561023,4.188323548990881,-0.7947855434725258
5.3816591212688465,5.499526235945335,1.40007510748541
5.17110597679867,6.855137899355596,1.893859158073242
4.87065428286203,3.3807620024866756,-1.3111513956563092
2.6490301338001787,6.571673126614566,2.066519287350449
3.245058692634825,5.4792445001146435,3.229996940359084
5.595043850216725,3.292782262698524,-1.189339716433043
3.5957996605384683,7.440630891103243,1.8502796049434802
6.258081168933267,4.589015681255262,-0.6140617819247163
6.225681351338957,2.8431311412358817,-1.058192327989937
4.451128579835297,6.149693000948517,2.0344254687482635
6.200527342433973,4.183100040358738,-1.092854945075799
6.246028072529502,6.104823105562935,0.7049861076279862
7.249844457949582,6.878446735803663,0.3480723654916651
5.800710145146061,5.987870115159936,0.9182501416192308
6.140728030518807,6.765615073714177,0.763924013254696
6.715165360710735,4.919056235824756,0.4085701424857622
6.992596996051454,6.1961718680550995,0.33492965528140617
3.9036891413580133,4.884166745669659,-3.4385705628147494
3.08061216407698,4.146529888654981,-2.3768723621366745
6.4620885528974386,3.4509412312978034,-0.6455218136843192
3.9444219128499354,3.3141058497680156,-2.541394240869984
5.8787782236586175,2.5953081025504936,-1.0338737212526121
4.007369353815767,7.270385955236763,2.2147818583596903
5.591480491531351,5.728172155635855,1.1503355494200758
2.21469567146969,4.679390327809377,-3.010167856132753
7.13965818096611,5.22804217932909,0.3589682846061598
4.7839505226276025,6.179829140467348,1.6342520350475227
4.184809951557397,6.370558604486397,1.6874380660639137
5.135791554165626,5.811570408889445,1.515926345772515
5.94370744587624,3.537353185052682,-1.2091860277195854
5.049889616823459,3.019108632449109,-1.0660333621879272
6.126265327871106,5.205721898222777,-0.010055664575273182
6.233219074702627,7.091708869687382,1.1335926025488554
4.1818312928136026,5.048551750522009,3.214925231752909
4.655464420769794,3.237816416571957,-1.3801781953011423
7.659342525513795,6.379260287935844,0.41433370216385423
3.850945936592796,5.221759902815035,3.408184366951678
2.1414084368632578,4.580594741654897,-2.9649093026541227
6.763695867709994,3.862324264102849,-0.30604443689802896
5.822451703228711,4.784458673719915,-0.4178800565648524
5.450354453962191,6.56880703064287,1.6827802016984856
6.265414063594582,3.3045352346147503,-1.2171600812470937
4.682015150008861,3.0836374512887064,-2.0199521053531106
5.540214292836526,4.270064188660366,-1.4224149708072344
6.434021192012888,3.993919539842653,-0.576874894712149
4.698867592724107,5.542619963189829,2.413707573776604
6.140662996561545,6.546152818905698,1.1977419761388992
6.425456468858348,4.6300710313318465,-0.2900422042969297
2.310656556801793,4.8200143703826805,-2.639387127897808
7.158311519778465,6.618848109815045,1.0772135446948932
4.330916790808515,4.323880245702972,-2.136906474308895
4.4332848846690815,6.155396730158021,2.0351984327938704
5.319736805263848,3.611146810936255,-1.3040619604003663
3.929832998327338,3.299353994230934,-2.2771464064108926
4.093655717439654,7.136299948689903,1.7141551819941974
3.429381604173403,4.654030051134087,-2.8863444301003742
7.548474691060726,5.318885563788234,0.25527456227935064
3.3727599841328333,2.741416918891016,-2.1159277528490588
4.439701876874782,5.253451177240591,2.2141224217055817
5.723563075082614,5.003395963153588,0.5115593390185748
5.2460766980235745,3.3427339320606966,-1.2267361955143605
7.28340712845348,3.9587587655818837,0.026497625386708745
2.722348018005555,3.6151067946765063,-2.476695608306859
5.749439706617172,5.294207831822241,0.5619194057344861
3.2692007572469794,3.3917735651685668,-2.077864550859696
4.337218017057915,3.424011464409652,-2.0432900444270476
2.5450005358881738,6.353958310885517,2.9499595147072104
4.0139201768607915,5.0971870811161555,2.667987707930814
5.9160875952001275,2.568785948827777,-1.690351359849633
6.930289817279293,3.103292353717036,-0.42512507713718484
3.074965574536354,4.841135638846323,-3.015551131122286
7.039914684931541,5.3648791034166,0.680511107000327
2.5944667062274718,6.676019083411538,2.4537283717424128
2.4325875629111993,5.867034165330485,2.9811375065420336
5.852311001216066,2.4267273746475504,-1.4846554204004447
7.707904824921977,6.187325838311078,0.35686455355450025
2.9839460427286277,5.111025983019217,2.9476186234872426
5.21795951017745,6.377986543777945,1.5610085585999514
4.0406213989067306,4.851111648510746,-3.1141227439355603
3.290931247521205,6.566480201288626,2.0238599794392194
3.217709470415013,3.4218351468140464,-2.5043629019037645
3.9446190038437745,4.214047774896735,-2.59257831263132
5.881257160954294,4.9968875660291125,0.013171244985291208
7.012861684183804,6.107902170124568,0.081224445094708
6.841801254561194,6.720259247233417,1.060462876444441
4.496480852298306,6.102712150662144,1.8932050572679806
7.694077185199382,6.173260155517139,-0.025228531988127245
3.892655829716074,2.4810460921135427,-1.4947476991178208
7.301438469230417,5.934082022541986,0.24727477415992122
7.38633854818406,5.503124836097223,0.6733716971355025
5.119558714026439,4.116223464274074,-0.9637169585375772
5.182656468203925,3.563820721659675,-1.6609285674523917
4.465117459800379,2.3586548074543723,-1.3417560314156203
5.817362148848742,4.196647012223591,-1.2156236743995188
3.6974723842192434,4.760719371985433,-2.7990226356038628
3.593691956915393,4.611072189369254,-2.486412703851368
7.6467016043843,4.682326783837967,0.3380968084758521
6.646038482699184,4.542966193903322,0.18032503393720922
4.330429731793257,5.159265746682238,2.6760669972323794
6.114874972433494,3.3617175278962566,-0.8964598381660538
5.0757642280261885,2.2140951234708433,-2.028130785971043
3.660170515602462,6.715138519469584,2.4610434835104806
5.018012236761717,4.221272315030181,-1.748965807762349
5.732296850494587,5.298598630350465,0.8697544406460552
5.370800867603067,5.49871359225239,0.8634700640127395
7.404035593170125,4.584537143158883,-0.05014281245713703
3.280678821911285,7.150272315680579,2.3581968449688118
4.677218573531815,2.9721708126182778,-1.9540473586726874
5.453290451180261,6.966378017987622,1.331818327397741
3.9518183631279067,3.750587778578823,-1.8140866770853235
6.878857669411897,4.614288500266598,0.1666997066494217
4.289010561584104,4.178846019795239,-2.787735040432227
4.860082684752981,6.589833679816243,1.8599233668978545
4.210233544005304,5.355910093753633,2.997098083534216
3.424653886399951,7.1895911177611325,2.3138511998717473
5.2101367199201984,4.302109512314918,-1.097351163539776
5.268539184056671,2.030194997068119,-1.6422473200575176
5.675334183704878,6.716012146698407,1.2781645233240186
6.460874516025498,3.809563623566114,-0.732302198762403
5.507421114358414,4.493410018975762,-0.719651133631438
2.68632761810095,3.6896451256640974,-3.0313851453855554
3.8209487593124933,4.427533185107528,-2.604783874655756
4.7849381053741356,3.6956970731752334,-1.4381074127067457
6.992563700600318,3.8444846069893073,-0.5350040892270271
5.549445632450645,7.748049302356409,1.0992281836586957
5.043256371561824,5.922571956599841,1.1813793055019932
4.601844694110432,6.051027461543441,2.3781938481512377
5.002383331237441,2.92525969301603,-1.3564682803997754
4.29248389679219,2.5840654835512664,-1.4061527370682396
2.0971848049209996,5.520035459185021,2.5426588549247704
3.9944142590687353,2.7446070485684757,-1.4854369710905564
5.2841572389150615,6.229726448698992,1.8187025395096712
6.445209807787002,3.763233959188145,-0.9694573333551224
6.766649199492566,6.359161313692075,1.041092144440372
6.060513818493092,5.429045748665065,-0.09578282984803477
5.599231123329529,5.982507302818,1.2538294022316265
6.45144829141875,6.326398554269905,0.5854133189989283
4.106813506854552,7.217512826335175,2.0522752138691702
5.075452129677,6.489258370112392,1.7816937133009139
6.017054679395686,6.720954922617023,1.3549114123392305
5.651895007233527,4.949947547571588,0.04423703144713809
4.812523603943983,5.927997840907182,1.653897758529124
3.8826424667118546,4.923331496658054,-2.6845380675436985
5.7833300091011,5.869248284071764,1.2198569848969356
2.848390142311132,6.149408745941713,2.7543244556985877
4.517508891262782,4.347598933560728,-2.2771685820500407
3.553707364344908,4.7888623697640345,-2.7489289985862206
3.1198407311901972,5.617398223701497,2.5678332170096194
4.353551454922891,5.177580457549247,3.007352413700806
6.013866677569693,6.852879205917054,0.5782044748015571
5.79132088474123,3.700874214821475,-1.0584977361817
6.758889322683687,3.6240338003729793,-0.4809218200740295
5.750997975565915,7.161834766044793,0.8054744810579323
5.3088427093899595,3.9601482271332005,-1.525271498982494
3.600495245478503,5.145126094299372,2.6728916493304418
2.9615875602299955,5.426099531874613,2.531028593459318
3.763229791427154,7.05102908112678,1.822072106256008
4.292926196587878,6.386237750503553,2.2339361953040227
5.1842115663227135,3.8368256899653397,-1.66207554188263
4.283964506939728,3.9023067409529126,-2.328858111227528
6.060364495407875,5.585412864398844,0.8795385318326825
5.758966805668681,5.7603199765547295,1.1301102396486213
6.2865368070292895,5.088083669591412,-0.02247049572714821
5.535983676885616,3.398770134731544,-1.0676945154408264
7.160796954378167,5.7731326028976655,0.015655988894937023
3.807483808009107,5.301702177185812,3.0165994080828553
5.497841493389771,3.958292519405175,-1.5739658704634198
6.7998082814285485,5.347726739113983,0.34244591419723636
4.5784042252819965,5.469180680916651,2.564276937939307
5.244111022259475,6.195045539260386,1.6600625987222029
6.54725632031248,5.821712728295848,0.8411403224083053
4.10791547377915,3.6242079854592335,-1.9852445302114794
4.308037282918654,2.106146293054167,-1.6198601926569371
6.291493721177991,5.398073640731084,0.11791208394858071
6.6544336231355095,4.612717787146201,-0.6998427544194419
7.456956135770538,6.658246135062813,0.7917660923066561
3.4391943012758723,3.6667787778378256,-2.805182909407955
3.6305823410425924,4.728513052172403,-2.8332663035197605
7.109476324154334,4.772572648025689,-0.5259386185187434
4.105944987205467,3.569510737708062,-1.9984735311029844
5.315514719135679,7.4017035736702255,1.5944897824128774
5.510496459216118,2.8379274991902466,-1.3544555306485764
5.09851009870328,3.787530369446939,-1.6892067484205862
5.440604217096196,4.481543697255751,-1.1162378984644064
7.5981052996105145,4.59275513902882,-0.06242121756893171
4.70506919187233,6.96019207667047,1.347746157125573
4.629266990896973,6.218440963284353,2.0616632289749663
7.186073094587012,3.845974544953515,-0.1582344248731723
6.3553395444571965,7.560758930861299,1.2575215056450006
3.5602699860731795,3.6563205324565606,-1.9875104251350217
4.020959631008244,6.71094948669421,1.5944926512198827
5.530715294252099,5.729481433831209,0.5953358313802481
5.106380946004365,6.485459356102705,1.0188585142401207
5.316508090950292,4.42590848064349,-0.900259281573202
4.944248055886884,3.7717003398439877,-1.3109322693520502
3.5812990282322206,4.906824966816201,-2.77434048780498
5.027733794790351,6.694004591731679,2.0769252569727636
3.379980155868048,5.02812759239179,3.6181045111284407
6.341039288587995,7.312337222478343,0.6496548098658356
3.6965344344613893,6.753524745261611,1.783442647790555
7.099099703076726,5.410217126176131,0.10534028031854636
4.328959229816596,2.2780884933099332,-1.311702145219019
5.266512497256459,6.396543959855642,1.632353737907171
4.277669922627263,4.90072731681901,-3.3832704192916063
4.959221498903432,6.326922510960612,1.7913726389076474
4.768949450347181,5.9645628908224,1.704648689728562
3.958369884850039,5.542854311546632,2.2750546347723386
6.276802061117019,5.47959838249233,0.11460843499642653
5.317641752030909,2.9885038328396907,-1.8292725131574914
5.434457062443855,3.2116488162549404,-1.5636503193856182
2.3773218622721064,3.632206990910727,-2.2429817426336607
6.648988455607397,3.7262218932299263,-1.089762247607998
6.164371173872941,3.573974536422533,-1.287736797868209
5.3614684774110755,5.716465657979195,0.9272012867434214
6.42769808712559,5.022278278322626,-0.4494828004394513
4.312196410414911,4.09530358652586,-2.446398138875485
3.8793449593994915,7.385926925934301,2.3219594819216507
3.919644175601924,4.903225770640088,-3.2098903752980092
4.555508994928858,3.6045491134583214,-2.3166760090260174
5.532623032249525,2.475046166509446,-1.8082823947528592
4.431810301738971,6.339838579598902,1.5101628310662674
4.393621236952769,6.898560902115949,1.9272720996329271
5.52752517175673,7.705333649850173,1.8375111042679428
5.402440843250636,3.0194552012471476,-1.1540620151527419
4.923927000458595,3.8167319816602725,-1.744495530813139
6.261489990976442,3.227590205773196,-1.3562353864038175
7.12218718866654,3.6701051150405526,-0.7879498621362941
4.406918558727188,4.576693413620114,-2.941952742397032
4.077957116122608,7.717167392400271,1.8996106458887234
6.731888992373677,5.386174265030059,0.7097338657111937
3.666224225652362,2.609683757376254,-1.5772683103035767
5.3273117599847435,4.152357857269529,-1.2509728047746052
5.921782892432418,3.569442844862172,-1.3988503399645413
3.515646052515879,5.849061544610894,2.4441412595611256
3.7428784572631106,4.23101361286543,-2.0922944285798235
6.361253005869818,4.427429420518275,0.0743956514921128
4.486322868903829,4.409524962147104,-2.51093861364123
6.333266498599613,5.100656746909946,0.21546410080980416
6.669800868620113,2.8115352473546835,-0.9222815233058193
6.249207733628171,4.1340876786356775,-0.8591927116923901
4.730078222312324,6.19050016259384,1.7552070882425588
3.3392742500557238,5.684025068317012,2.589133024602613
5.26338298375574,5.676749502197428,0.7274370548236204
3.886158127438171,4.735849741799611,-2.9424498249730586
3.134475380077901,2.7704632821050588,-2.7409664549539845
6.474027519939044,6.48378745165225,1.2615509499901614
6.999010359991693,5.830717637286407,0.45784953755441504
6.224459045396492,4.911533421651884,-0.5440092289346152
2.227492251803107,5.292436712383043,3.2706447740656186
3.899977843660563,2.469804649986249,-2.052716898027252
5.55390642117556,4.49362123252948,-0.22781624258552624
6.36894661934045,3.8723292801027593,-0.2369913197925484
5.84695299325268,5.096415490570669,-0.3571079868389877
4.75400376591792,3.7648528916974326,-2.0467400557902566
5.436521130622344,6.486216776640405,1.2059368951521783
4.336730328360434,2.9889784346097494,-1.6843321316797228
5.527304245785479,6.267495221495182,0.9297533461722227
5.648325090460336,4.3318086949454875,-1.0610484559689193
4.5105479748914545,5.694049575447948,2.512901282660879
4.5138422085883665,6.98553794722871,1.994174796365878
4.411880108967447,4.179247539997079,-2.05911559812177
5.553979419576165,6.721363281771715,1.6767653121453154
3.0808456046173323,3.1458521815068,-1.9565202919986313
6.8667796825141165,4.095621799277877,-0.2569506962471404
3.701638054399152,6.0957933207821355,2.447890204193457
6.101537484866021,5.108761659569653,0.14354066715367442
3.739704622172777,6.460395072535652,1.9423795369435362
5.616652971359848,4.887815101833751,-0.6318394202033122
2.3707449899402557,4.083413462410179,-2.7641316146253674
4.44441918564893,5.792499181034781,2.1486978943417046
5.003379877233527,7.024580005971054,1.0914424099305986
2.868255306064503,3.7942985234462405,-2.8301240202035975
6.282864238019238,5.053031720940295,0.3176103851690695
3.417860307581422,5.428451543474397,3.3046483157494375
7.271097317042267,3.33418637985017,-0.6311959016081694
7.480662186535945,4.676435191487565,-0.5714587132905442
5.777257729495159,3.497817726297984,-1.35240515329447
7.1544431019091075,5.0915926617505365,0.35621471018612416
2.410416615006186,5.704908034777644,3.388455318500783
3.539904947918359,5.104303713041423,2.876587575055339
6.527408491516239,5.7286355177662776,0.910871281160976
5.81154210795098,4.470656242147026,-0.608145431084249
3.5291731528622416,5.513700863756043,2.6025639980470303
5.560560326975966,5.240515542374301,0.1259475966085184
2.7400955434229615,5.183560679540254,3.180248985827897
5.5328588746547425,2.0799547168452666,-1.5093087506937428
2.885744721462359,6.729733202218544,2.5045999338583798
6.915814774421633,4.424165020021691,-0.12728601391850303
3.032661351654273,5.533806804904111,2.4627081222235567
5.075071230695489,5.844278521687041,1.3245947498498443
4.946479270823639,4.320823179613975,-1.857626916920236
5.277873413012533,6.090471831494369,0.9061501861856878
5.2395990404669,5.730117427682246,1.0010015869222664
3.66514880439456,6.689863301219938,1.8735034266415411
5.9959639401965035,5.34179419836497,0.26053915403781325
4.074452516942262,3.4977809319981397,-1.9736552683416049
2.6952034479637206,3.4061975431729214,-2.574694583262115
3.8756624431572604,6.646360160655128,2.3989219573528686
6.959417968997248,5.438390278726033,0.5361926521981614
4.6476309960955104,3.7848277231772824,-1.7014917383208472
2.6363586912719854,3.803218511715714,-2.281355498052099
3.9022100880955612,4.6136975671845475,-3.036318029051806
3.6793230459680966,5.197978255895956,3.4397753842387666
5.376911842905,3.459187325908715,-1.6229457468523245
5.007978850513822,5.641940271132234,1.1610146397697925
2.4553916139536454,5.615235384970023,2.607229421402062
4.101421300845663,4.748385198994726,-3.156843746818452
5.437879037023244,6.859003396424007,1.8331513166323252
5.485217563264136,5.440927170815413,0.5632244883034252
4.53071753547951,5.893575355724614,1.987881667884808
4.993996962820382,2.5843641832783115,-1.5511554245828714
2.762546532478603,5.055441392797695,3.4391415448131557
5.968247335742539,5.214494864810193,0.28438248500092433
6.753187750829524,4.866547140051884,-0.06992297433551076
3.234011668832317,5.964461930351245,2.9916616673215795
6.414007069039453,3.662412812912628,-0.5009359978500568
3.8666794209644832,7.385440573264868,2.237319458595625
7.115991482303134,4.1186188109171855,-0.1156298156275758
6.307022623761616,3.3357984347497407,-1.1439705393491484
3.586970868934775,5.0758092095456995,3.346573328630485
3.646069203162605,2.7038602198784423,-2.2838610480872377
4.639880868700583,2.488070456201326,-1.3714939485237703
5.060911444994535,2.8824616461541517,-1.202049854183914
4.8255147860119045,6.412218545604775,1.1949421335724955
3.6003526811879722,6.2640846699484865,2.8145310028212944
3.4866415551333505,6.561646271527705,2.0554058562478756
3.806502679677172,2.746780857917285,-2.1625856224452207
5.597870559296044,5.36116697493714,0.27366947788237267
7.149846566529291,5.446334372162063,0.5709353545942923
5.4755334354869145,5.946959820946478,0.9688562290726624
4.304074275315141,3.912064443737024,-2.5897581029558103
3.005312122708183,5.357677201290191,2.972084139862789
5.37015284952181,3.085711852291697,-1.862552277770317
3.4792647205368876,6.548648694995353,2.225673492736667
5.84720650473715,3.2507853794056945,-0.6871462556635213
6.5765907339163086,3.993450381241976,-0.6470600206218232
6.969703652040556,5.292187390217726,-0.13281445119176205
7.0410053547202756,5.045989025319642,-0.4570177860696215
5.897164285852654,4.967172190180356,-0.11498053498389793
4.266056074649097,4.674490297355813,-2.2102269741741116
3.7390206364257867,6.4776687126467225,2.519484456095809
3.3009553026794243,4.347240627706952,-2.7243947549260796
6.26829008408263,2.3826515625850253,-1.0367227594505568
7.455117978499214,4.872878660251449,-0.12173142592894087
4.499466990157632,5.601207401778053,2.781512095829676
5.55388352463296,3.4937690113565125,-1.0414849717662062
6.058662385675824,3.0253542234271604,-0.816392401944731
3.199961342874695,5.423554992471882,2.6287241056828243
4.0544627581246395,5.41992987523299,2.8818386937960625
6.72923259238155,6.09217152392563,0.5626947947356805
6.547061696280558,4.127781343241512,-1.0100703937723194
5.633390051898502,2.931654399233975,-1.5249711936729589
4.32201180150413,7.212600879038199,1.696033483900473
5.919905491306759,3.2358562444801935,-1.0189679543954355
5.275510294544446,3.8430837267005042,-1.7611471836453279
3.292458659530706,3.0545991814670526,-2.402317086372886
4.885596195550047,2.6516862036602085,-1.7066076465457503
4.928577584339826,6.358833756368564,1.2022855700553288
6.381401970871055,6.692018949534157,0.880118620821294
6.633918987158394,3.738754440287682,-1.0524130432263017
7.241754359820728,6.669890148707581,1.1491487091589194
3.816130274579357,3.266463125541301,-1.835808840268565
4.389458771520912,7.878774536593427,2.1870675780057236
6.471117046984788,7.300847468767802,0.970333016406941
7.530456259034802,4.9252406639203885,-0.2309340917502562
3.515072788551742,5.38699802712598,3.168860371319181
2.3061397681071187,5.871112773724018,2.5874606397619777
4.02547092300304,6.416091699500248,1.9655977923954435
6.609355621476491,3.8557645144131185,-0.45835059146678736
6.525496953074814,4.738811118882315,-0.3081377543280729
3.6522632789532308,3.7203604255033955,-2.6740109095264484
3.4272340511889707,5.39704665067883,2.4917937845192615
4.898848261188117,4.259753081444025,-1.82915857287029
4.898251639948679,6.362235681571898,1.8788598614698722
4.246457879920845,5.302854794669304,2.2497991396839163
5.35117065160789,5.5598688857159955,0.5415675788118304
3.597423761837407,3.5762003840319774,-2.025192628307377
5.013176180682841,4.313982686077705,-1.9033496140246176
5.856659862264564,7.379446942595941,1.5579183369154626
3.404956190858488,5.501485336404453,3.267293163534666
2.902556799241621,6.819158302508749,2.6256633345364238
3.6836253155776517,5.240879525132399,2.7205203576457047
7.022785737591798,3.2148341378205867,-1.0554960436835739
3.5256659391154717,4.6408703416131525,-2.8722742466164277
2.878006659011737,2.9627350894746742,-2.4028820614226047
4.912581984895446,6.499135886141063,1.2734663895537064
4.821134614083976,2.3594067387260327,-1.3170892965353684
5.552191151592957,3.108825305223459,-1.6475241561702783
6.017791740653026,5.2416757211945,-0.2659411658970823
3.5449495970057607,4.134053998123385,-2.472586984509871
5.89758133018002,4.504560939472395,-0.3238285846714014
5.694489111627816,7.468859251017548,0.8943106008829177
5.594481236133203,3.9703027185922943,-0.5880103574167115
4.133341502981738,4.940571337179073,-3.190813510623365
7.057678406382671,5.796160940355714,-0.05558671875528198
4.892458889846161,2.729060723160674,-1.3184880363877098
4.183637262192648,4.809481036610607,-2.7531339426199954
4.044386785476389,5.769357288652275,2.547129691673181
6.981295097888198,3.09980899639749,-0.9711387104171876
5.0977832397164695,2.792404146397924,-1.6724588595816026
3.0808961704349693,3.7902995095465317,-2.1252189809540734
6.044189410915511,5.774024988744579,0.6895948330215571
7.1388220681230115,7.0845534643486365,0.6816183952524337
3.9414310109332265,4.591849684986692,-3.1378913947215863
6.259963691616778,4.494011028376174,-0.8785620834180143
7.660585484129409,6.161712532972257,0.8244298242278895
7.379405212124406,4.9674459045374455,-0.4285846660636105
4.624600762224081,7.599797101307894,1.2477917115203994
5.285327168122196,7.804323924304282,1.182447858227552
5.682404996007891,6.1781985426246155,0.6533107264816278
4.453814078982965,4.576311351963893,-2.491206867898827
5.45631059048958,3.0606038980400854,-1.5984290300064459
4.644968030333247,4.455066610394891,-2.137794335560403
5.116529306837216,5.8293827528603614,0.9232010059139246
5.013590537765592,6.521643224771733,1.407016695991009
4.801668536450348,5.6005405251968545,1.49945413143534
5.131456544650907,2.352155714012994,-1.7392009586533805
4.752478387206433,5.774128317973007,2.3614599804125542
4.764068201182444,4.1275710553000575,-1.4668923703761445
4.493158221529614,7.931348292347628,1.7124433948924256
2.7671375833367433,4.436956341852315,-2.691947253459549
6.793920340697924,5.181494598108229,-0.09580007871649193
4.173386493112786,6.840133485181754,2.3632975200467268
4.593772608224804,2.0581968935587125,-1.8225248762455475
7.628155128007916,5.618727521357133,0.26449102958707105
5.410275289140649,7.134188204658173,1.7985023632700547
6.7519316316466895,6.058270737945469,0.7496496479396303
3.3641714873507818,6.87346114546981,2.528813268649444
5.525557234156616,5.5990149169172785,1.1452367976633868
5.12320559534981,6.799042292448347,1.962478575785486
5.159235843849466,3.914101186909246,-1.3726750650097346
5.232228440353182,6.384821938125212,1.834984169454293
4.077616608458195,4.427909912067864,-2.6625977446556024
2.0804915911434287,4.3694183676456895,-3.114566008365504
3.688630779332428,2.4831715611929512,-2.398587784043012
5.836933570767255,4.362092559252039,-0.8377328517382328
5.111877705314796,6.454289011833101,1.6544219934032385
4.034515103773863,4.827632492510157,-3.266354788564187
7.3702466755115825,3.287142273285437,-0.7757304495948235
5.037268057648874,5.953247141822873,1.2557822980971705
6.67102600051471,6.858912339801632,1.2935925895582796
5.527083296754068,2.465199202971968,-0.9307932397822288
5.848277555046276,2.3755581222786386,-1.7693505213486311
5.1552875809672,3.4510014507719777,-0.949707442040919
7.0280426165127174,6.547844200492445,1.1054491348645812
5.0880074466261185,5.659945793332623,1.3824219561291655
3.917858204627719,4.2467571009679075,-2.0995854092172017
3.040229642049252,4.55778744711959,-3.1546387710762778
6.652163277610069,4.972504600894037,-0.4296415657167245
6.216564823555306,7.096937834560551,1.4421219231957196
2.5791632940642115,3.8412979751522136,-2.9388418582275104
4.841705171296029,5.87233556818907,1.6291349147603902
4.2525161457450515,7.812407319293516,1.3208149075901128
6.368382520540721,3.4375628633555726,-1.1105462061482156
5.219485662390331,4.295423709690113,-1.1008817661989223
4.195551436488909,3.586070326868672,-1.9822767957297496
6.159102008070163,5.465058943746739,0.10487566687523908
4.407458161629395,5.2537964418279985,2.4092022641069955
5.045146189780592,5.668367313612342,1.5586308923836452
4.122975902848084,5.433682257236712,2.662320962358942
4.525187029602834,6.226736282901985,1.9492568897987956
3.4068307660949717,5.2231513283796955,3.2805104729637526
7.199724264497135,6.338240768371865,1.0100077570415191
5.136428695772455,4.124087426457774,-1.7372489484826077
6.600685855930963,4.346586450143127,-0.520044192046732
4.874731556166232,7.65809642840478,2.0517942631732007
4.674854047647319,4.374712615331505,-1.5305810791288113
2.978165318304645,7.072439984329798,1.8217380118016135
3.7645781093058632,6.919104389701012,2.1024192180074266
6.268608884089325,3.8838946677046273,-0.8443665489088394
3.791834828130189,4.739079683902317,-2.5817523543252383
6.289009494398138,3.104684062523509,-0.5442286319741897
5.091622217410299,5.702253223172033,0.9357464026801721
4.859828374868007,5.923105414210177,1.8241618097952261
5.341197802973934,5.639908812090224,1.0554510660834562
4.33565185782883,6.780143400421282,2.188840829984871
7.080984727523527,5.399087799710395,-0.13910303964512444
2.9865635353266935,4.720754782754863,-2.5044010051387837
2.64383320369544,4.205135593987195,-2.949919047902472
2.9721961938938932,3.0419236095463416,-2.413609438575045
3.5568170171974733,6.157493577555401,2.3712823500231384
6.432747779810141,5.20478213203636,0.32965623206964745
2.2589573709829107,4.668309221440005,-2.5385597662635915
6.160412990264657,5.77907205699416,0.1263202019413468
3.497924609889065,2.8894406271977386,-2.3828723615638037
4.001154730973181,2.769885142416914,-2.387512261985959
6.515191436216959,4.399360094904953,-0.4122204207584796
4.700483205481453,5.622245537134974,1.715893650384759
2.6407223830041135,5.118274247229174,3.227175863696289
3.451470065005145,6.884501085735544,1.7490294302511002
6.489917876318576,3.148361911371635,-1.1818565345595644
5.099090983076593,4.011365487436467,-1.4410107757683837
6.018343176112817,3.7005391120186157,-1.273211771592304
6.451460245690914,5.451280531358299,0.30301410855454114
7.6142351467368465,4.495593690134449,0.10365936032165968
4.013651279394041,4.035150329242194,-2.505415360578729
7.959274356997336,4.739942592986887,-0.024332198491849755
6.627219188407993,5.1842611991128,-0.26014290210499214
6.47658014755629,6.07830699864633,0.7646385887510129
6.684702593461033,4.995042164026327,0.1015343509756872
3.6167698982651677,6.012006892469737,2.8965210314124628
6.124115783906864,3.1438752191579464,-1.2390397206471948
5.730653543997681,5.665972371222291,0.9705542269274979
3.2957111058736235,4.858058575541296,-2.7072375399288573
6.415413990060504,6.451182345941453,1.2156455219466216
2.701343439155275,5.389586706861267,3.117567544282938
3.9162672764883406,5.054643021048473,3.4105585840018575
